source,target,corr
TMEM176A (55365),TMEM176B (28959),0.961
RBM5 (10181),RBM6 (10180),0.817
RBM5 (10181),NISCH (11188),0.82
CD38 (952),RCSD1 (92241),0.814
PRSS22 (64063),CDH1 (999),0.812
PRSS22 (64063),EPN3 (55040),0.807
PRSS22 (64063),PRSS8 (5652),0.86
PRSS22 (64063),GRHL2 (79977),0.858
PRSS22 (64063),ESRP2 (80004),0.805
PRSS22 (64063),IRF6 (3664),0.801
PRSS22 (64063),PRRG2 (5639),0.813
PRSS22 (64063),RAB25 (57111),0.852
PRSS22 (64063),MARVELD3 (91862),0.848
PRSS22 (64063),LAD1 (3898),0.81
PRSS22 (64063),BICDL2 (146439),0.87
PRSS22 (64063),SPINT1 (6692),0.806
PRSS22 (64063),TMC4 (147798),0.833
PRSS22 (64063),OVOL1 (5017),0.818
PRSS22 (64063),KDF1 (126695),0.808
PRSS22 (64063),TMEM125 (128218),0.812
PRSS22 (64063),B3GNT3 (10331),0.826
PRSS22 (64063),CLDN7 (1366),0.832
PRSS22 (64063),TMEM30B (161291),0.803
PRSS22 (64063),S100A14 (57402),0.809
PRSS22 (64063),IQANK1 (642574),0.822
PRSS22 (64063),RNF223 (401934),0.826
ITGAL (3683),TRAF3IP3 (80342),0.839
ITGAL (3683),WAS (7454),0.841
ITGAL (3683),NCKAP1 (10787),-0.816
ITGAL (3683),RASAL3 (64926),0.841
ITGAL (3683),CD53 (963),0.811
ITGAL (3683),PTPN7 (5778),0.812
ITGAL (3683),P2RY8 (286530),0.838
ITGAL (3683),IKZF1 (10320),0.815
ITGAL (3683),ARHGAP30 (257106),0.831
ITGA3 (3675),TNFRSF12A (51330),0.832
ITGA3 (3675),MYOF (26509),0.829
TNFRSF12A (51330),RHBDF1 (64285),0.81
DLX6 (1750),DLX5 (1749),0.816
TNFRSF12A (51330),AMOTL2 (51421),0.851
TNFRSF12A (51330),SDC4 (6385),0.812
TNFRSF12A (51330),NIBAN2 (64855),0.815
TNFRSF12A (51330),YAP1 (10413),0.838
TNFRSF12A (51330),MYOF (26509),0.867
TNFRSF12A (51330),EPHA2 (1969),0.864
TNFRSF12A (51330),CCN1 (3491),0.841
TNFRSF12A (51330),GPX8 (493869),0.816
TNFRSF12A (51330),GNG12 (55970),0.81
TNFRSF12A (51330),ANXA2 (302),0.825
CD79B (974),CD79A (973),0.863
CD79B (974),POU2AF1 (5450),0.834
CD79B (974),IRAG2 (4033),0.811
CD79B (974),VPREB3 (29802),0.818
CD79B (974),GRAP (10750),0.807
CD79B (974),CD19 (930),0.821
CD79B (974),SPIB (6689),0.831
RHBDF1 (64285),LAMB2 (3913),0.802
PLEKHG6 (55200),GRHL2 (79977),0.811
PLEKHG6 (55200),RAB25 (57111),0.802
PLEKHG6 (55200),MARVELD3 (91862),0.815
PLEKHG6 (55200),BICDL2 (146439),0.821
PLEKHG6 (55200),SOWAHB (345079),0.801
TRAF3IP3 (80342),WAS (7454),0.881
TRAF3IP3 (80342),MAP4K1 (11184),0.826
TRAF3IP3 (80342),RASAL3 (64926),0.888
TRAF3IP3 (80342),CD48 (962),0.811
TRAF3IP3 (80342),NCKAP1L (3071),0.801
TRAF3IP3 (80342),GMFG (9535),0.822
TRAF3IP3 (80342),CD53 (963),0.845
TRAF3IP3 (80342),PTPN7 (5778),0.836
TRAF3IP3 (80342),P2RY8 (286530),0.824
TRAF3IP3 (80342),IKZF1 (10320),0.869
TRAF3IP3 (80342),ARHGAP30 (257106),0.878
BAZ1B (9031),POM121 (9883),0.809
BAZ1B (9031),POM121C (100101267),0.819
BTK (695),WAS (7454),0.801
BTK (695),NCKAP1 (10787),-0.803
BTK (695),SPI1 (6688),0.954
BTK (695),NCF4 (4689),0.85
BTK (695),LYL1 (4066),0.854
BTK (695),PLEK (5341),0.826
BTK (695),NCKAP1L (3071),0.813
BTK (695),WDFY4 (57705),0.848
BTK (695),SIGLEC10 (89790),0.801
BTK (695),CD53 (963),0.824
BTK (695),NCF1 (653361),0.801
BTK (695),TNFAIP8L2 (79626),0.833
BTK (695),KLHL6 (89857),0.809
KDM5D (8284),DDX3Y (8653),0.929
KDM5D (8284),USP9Y (8287),0.864
KDM5D (8284),RPS4Y1 (6192),0.853
KDM5D (8284),EIF1AY (9086),0.948
CD6 (923),CD5 (921),0.812
POLA2 (23649),CDCA5 (113130),0.822
WAS (7454),BCAR1 (9564),-0.814
WAS (7454),NCKAP1 (10787),-0.871
WAS (7454),ACAP1 (9744),0.833
WAS (7454),ARHGAP15 (55843),0.887
WAS (7454),PTPRC (5788),0.856
WAS (7454),CTTN (2017),-0.828
WAS (7454),NCF4 (4689),0.808
WAS (7454),CORO1A (11151),0.815
WAS (7454),TJP1 (7082),-0.865
WAS (7454),MAP4K1 (11184),0.881
WAS (7454),RASAL3 (64926),0.928
WAS (7454),PIK3CG (5294),0.811
WAS (7454),CD48 (962),0.816
WAS (7454),IRAG2 (4033),0.829
WAS (7454),SASH3 (54440),0.871
WAS (7454),ZNF205 (7755),-0.81
WAS (7454),FKBP9 (11328),-0.819
WAS (7454),ARHGAP9 (64333),0.857
WAS (7454),NCKAP1L (3071),0.897
WAS (7454),PDE1B (5153),0.826
WAS (7454),GMFG (9535),0.869
WAS (7454),MYO1G (64005),0.857
WAS (7454),CD53 (963),0.921
WAS (7454),PTPN7 (5778),0.905
WAS (7454),TNFAIP8L2 (79626),0.828
WAS (7454),TAGAP (117289),0.805
WAS (7454),NLRC3 (197358),0.802
WAS (7454),RHOH (399),0.812
WAS (7454),INPP5D (3635),0.83
WAS (7454),KLHL6 (89857),0.879
WAS (7454),TBC1D10C (374403),0.814
WAS (7454),HCLS1 (3059),0.819
WAS (7454),P2RY8 (286530),0.892
WAS (7454),IKZF1 (10320),0.948
WAS (7454),ARHGAP30 (257106),0.909
WAS (7454),SPN (6693),0.833
WAS (7454),RCSD1 (92241),0.858
CHDH (55349),IL17RB (55540),0.922
CD74 (972),CIITA (4261),0.817
CD74 (972),HLA-DRB1 (3123),0.814
CD74 (972),HLA-DRA (3122),0.869
CD74 (972),HLA-DPA1 (3113),0.809
BTN3A1 (11119),BTN3A3 (10384),0.841
BTN3A1 (11119),BTN3A2 (11118),0.859
HOXC8 (3224),HOXC6 (3223),0.814
CDH1 (999),PRSS8 (5652),0.839
CDH1 (999),GRHL2 (79977),0.858
CDH1 (999),ESRP2 (80004),0.854
CDH1 (999),ESRP1 (54845),0.845
CDH1 (999),IRF6 (3664),0.829
CDH1 (999),EPCAM (4072),0.852
CDH1 (999),OVOL2 (58495),0.812
CDH1 (999),PRRG2 (5639),0.822
CDH1 (999),CRB3 (92359),0.835
CDH1 (999),RAB25 (57111),0.836
CDH1 (999),MARVELD3 (91862),0.893
CDH1 (999),MAL2 (114569),0.82
CDH1 (999),MARVELD2 (153562),0.832
CDH1 (999),LAD1 (3898),0.835
CDH1 (999),BICDL2 (146439),0.824
CDH1 (999),CDS1 (1040),0.819
CDH1 (999),SPINT1 (6692),0.843
CDH1 (999),TMC4 (147798),0.844
CDH1 (999),CDC42BPG (55561),0.831
CDH1 (999),KDF1 (126695),0.879
CDH1 (999),TMEM125 (128218),0.827
CDH1 (999),CLDN7 (1366),0.847
CDH1 (999),TMEM30B (161291),0.808
CDH1 (999),IQANK1 (642574),0.848
CDH1 (999),ARHGAP8 (23779),0.808
CDH1 (999),C1orf210 (149466),0.841
ZIC2 (7546),ZIC5 (85416),0.839
EPN3 (55040),PRSS8 (5652),0.839
EPN3 (55040),GRHL2 (79977),0.903
EPN3 (55040),ESRP2 (80004),0.806
EPN3 (55040),RAB25 (57111),0.842
EPN3 (55040),MARVELD3 (91862),0.84
EPN3 (55040),NECTIN4 (81607),0.83
EPN3 (55040),PROM2 (150696),0.841
EPN3 (55040),BICDL2 (146439),0.849
EPN3 (55040),OVOL1 (5017),0.827
EPN3 (55040),KDF1 (126695),0.813
EPN3 (55040),S100A14 (57402),0.818
EPN3 (55040),IQANK1 (642574),0.869
ARHGEF5 (7984),ARHGEF35 (445328),0.921
ARHGEF5 (7984),CTAGE4 (100128553),0.894
ARHGEF5 (7984),OR2A7 (401427),0.845
ARHGEF5 (7984),CTAGE8 (100142659),0.861
BCAR1 (9564),CTTN (2017),0.804
BCAR1 (9564),IKZF1 (10320),-0.825
PRSS8 (5652),GRHL2 (79977),0.872
PRSS8 (5652),ESRP2 (80004),0.83
PRSS8 (5652),ESRP1 (54845),0.815
PRSS8 (5652),IRF6 (3664),0.822
PRSS8 (5652),EPCAM (4072),0.812
PRSS8 (5652),PRRG2 (5639),0.846
PRSS8 (5652),CRB3 (92359),0.806
PRSS8 (5652),RAB25 (57111),0.863
PRSS8 (5652),MARVELD3 (91862),0.867
PRSS8 (5652),EPHA1 (2041),0.824
PRSS8 (5652),MAL2 (114569),0.808
PRSS8 (5652),LAD1 (3898),0.817
PRSS8 (5652),BICDL2 (146439),0.878
PRSS8 (5652),CDS1 (1040),0.832
PRSS8 (5652),SPINT1 (6692),0.824
PRSS8 (5652),TMC4 (147798),0.842
PRSS8 (5652),CDC42BPG (55561),0.812
PRSS8 (5652),OVOL1 (5017),0.847
PRSS8 (5652),KDF1 (126695),0.859
PRSS8 (5652),TMEM125 (128218),0.869
PRSS8 (5652),CLDN7 (1366),0.855
PRSS8 (5652),C6orf132 (647024),0.802
PRSS8 (5652),S100A14 (57402),0.839
PRSS8 (5652),IQANK1 (642574),0.847
PRSS8 (5652),ARHGAP8 (23779),0.814
PRSS8 (5652),C1orf210 (149466),0.835
LAMA3 (3909),LAMC2 (3918),0.811
NCKAP1 (10787),CTTN (2017),0.847
NCKAP1 (10787),TJP1 (7082),0.833
NCKAP1 (10787),MAP4K1 (11184),-0.815
NCKAP1 (10787),RASAL3 (64926),-0.839
NCKAP1 (10787),CD48 (962),-0.819
NCKAP1 (10787),IRAG2 (4033),-0.804
NCKAP1 (10787),SASH3 (54440),-0.843
NCKAP1 (10787),FKBP9 (11328),0.822
NCKAP1 (10787),NCKAP1L (3071),-0.815
NCKAP1 (10787),GMFG (9535),-0.806
NCKAP1 (10787),TOM1L1 (10040),0.801
NCKAP1 (10787),CD53 (963),-0.863
NCKAP1 (10787),PTPN7 (5778),-0.821
NCKAP1 (10787),TAGAP (117289),-0.806
NCKAP1 (10787),KLHL6 (89857),-0.819
NCKAP1 (10787),P2RY8 (286530),-0.862
NCKAP1 (10787),IKZF1 (10320),-0.863
NCKAP1 (10787),ARHGAP30 (257106),-0.855
NCKAP1 (10787),RCSD1 (92241),-0.844
POLD1 (5424),LIG1 (3978),0.825
SEZ6 (124925),CHGA (1113),0.819
SEZ6 (124925),CELF4 (56853),0.802
SEZ6 (124925),SCG3 (29106),0.842
SEZ6 (124925),RUNDC3A (10900),0.83
SEZ6 (124925),KCNC1 (3746),0.851
SEZ6 (124925),UNC79 (57578),0.824
SEZ6 (124925),CELF3 (11189),0.845
SEZ6 (124925),CHRNB2 (1141),0.883
SEZ6 (124925),BSN (8927),0.855
RPL18 (6141),RPS11 (6205),0.819
RPL18 (6141),RPL13A (23521),0.818
TSPAN32 (10077),C11orf21 (29125),0.96
ATP2C2 (9914),GRHL2 (79977),0.819
ATP2C2 (9914),RAB25 (57111),0.829
ATP2C2 (9914),MARVELD3 (91862),0.815
ATP2C2 (9914),BICDL2 (146439),0.843
ATP2C2 (9914),TMEM125 (128218),0.833
ATP2C2 (9914),IQANK1 (642574),0.804
MCM10 (55388),SUV39H2 (79723),0.824
ASPM (259266),KIF14 (9928),0.859
SPI1 (6688),NCF4 (4689),0.871
SPI1 (6688),LYL1 (4066),0.869
SPI1 (6688),PLEK (5341),0.834
SPI1 (6688),WDFY4 (57705),0.846
SPI1 (6688),NCF1 (653361),0.815
SPI1 (6688),TNFAIP8L2 (79626),0.867
DDX3Y (8653),USP9Y (8287),0.93
DDX3Y (8653),RPS4Y1 (6192),0.89
DDX3Y (8653),EIF1AY (9086),0.938
ACAP1 (9744),RASAL3 (64926),0.838
ACAP1 (9744),MYO1G (64005),0.803
ACAP1 (9744),CD53 (963),0.821
ACAP1 (9744),IKZF1 (10320),0.826
ACAP1 (9744),ARHGAP30 (257106),0.818
LLGL2 (3993),ESRP2 (80004),0.809
LLGL2 (3993),EPCAM (4072),0.811
LLGL2 (3993),CRB3 (92359),0.807
LLGL2 (3993),MARVELD3 (91862),0.802
GTSE1 (51512),TRMU (55687),0.804
ARHGAP15 (55843),PTPRC (5788),0.888
ARHGAP15 (55843),TJP1 (7082),-0.837
ARHGAP15 (55843),RASAL3 (64926),0.85
ARHGAP15 (55843),SASH3 (54440),0.836
ARHGAP15 (55843),ARHGAP9 (64333),0.803
ARHGAP15 (55843),NCKAP1L (3071),0.875
ARHGAP15 (55843),PDE1B (5153),0.811
ARHGAP15 (55843),GMFG (9535),0.829
ARHGAP15 (55843),MYO1G (64005),0.866
ARHGAP15 (55843),CD53 (963),0.886
ARHGAP15 (55843),PTPN7 (5778),0.878
ARHGAP15 (55843),TNFAIP8L2 (79626),0.827
ARHGAP15 (55843),KLHL6 (89857),0.845
ARHGAP15 (55843),P2RY8 (286530),0.811
ARHGAP15 (55843),IKZF1 (10320),0.878
ARHGAP15 (55843),ARHGAP30 (257106),0.81
MKRN2 (23609),RAF1 (5894),0.81
FAM76B (143684),CEP57 (9702),0.833
CDH17 (1015),HNF4A (3172),0.827
CDH17 (1015),MYO1A (4640),0.804
CDH17 (1015),LGALS4 (3960),0.804
DCT (1638),SOX10 (6663),0.829
DCT (1638),MLANA (2315),0.879
DCT (1638),PLP1 (5354),0.83
DCT (1638),SLC45A2 (51151),0.823
DCT (1638),PMEL (6490),0.805
DCT (1638),SLC24A5 (283652),0.881
SRCAP (10847),SETD1A (9739),0.831
CXCL2 (2920),CXCL3 (2921),0.808
COL4A4 (1286),COL4A3 (1285),0.889
PTPRC (5788),RASAL3 (64926),0.811
PTPRC (5788),SASH3 (54440),0.833
PTPRC (5788),NCKAP1L (3071),0.851
PTPRC (5788),MYO1G (64005),0.868
PTPRC (5788),CD53 (963),0.86
PTPRC (5788),PTPN7 (5778),0.846
PTPRC (5788),TNFAIP8L2 (79626),0.807
PTPRC (5788),NLRC3 (197358),0.811
PTPRC (5788),KLHL6 (89857),0.84
PTPRC (5788),IKZF1 (10320),0.861
GRHL2 (79977),ESRP2 (80004),0.851
GRHL2 (79977),ESRP1 (54845),0.867
GRHL2 (79977),IRF6 (3664),0.863
GRHL2 (79977),OVOL2 (58495),0.831
GRHL2 (79977),PRRG2 (5639),0.847
GRHL2 (79977),CRB3 (92359),0.801
GRHL2 (79977),RAB25 (57111),0.916
GRHL2 (79977),MARVELD3 (91862),0.903
GRHL2 (79977),CBLC (23624),0.82
GRHL2 (79977),CNKSR1 (10256),0.81
GRHL2 (79977),NECTIN4 (81607),0.813
GRHL2 (79977),EPHA1 (2041),0.824
GRHL2 (79977),MAL2 (114569),0.801
GRHL2 (79977),ST14 (6768),0.805
GRHL2 (79977),MPZL2 (10205),0.809
GRHL2 (79977),PROM2 (150696),0.834
GRHL2 (79977),LAD1 (3898),0.847
GRHL2 (79977),BICDL2 (146439),0.901
GRHL2 (79977),CDS1 (1040),0.843
GRHL2 (79977),SPINT1 (6692),0.82
GRHL2 (79977),TMC4 (147798),0.834
GRHL2 (79977),CDC42BPG (55561),0.845
GRHL2 (79977),OVOL1 (5017),0.87
GRHL2 (79977),KDF1 (126695),0.894
GRHL2 (79977),TMEM125 (128218),0.867
GRHL2 (79977),CLDN7 (1366),0.849
GRHL2 (79977),TMEM30B (161291),0.864
GRHL2 (79977),C6orf132 (647024),0.804
GRHL2 (79977),S100A14 (57402),0.828
GRHL2 (79977),IQANK1 (642574),0.905
GRHL2 (79977),RNF223 (401934),0.806
GRHL2 (79977),ARHGAP8 (23779),0.827
GRHL2 (79977),C1orf210 (149466),0.856
GRHL2 (79977),LIX1L (128077),-0.824
ZNF324 (25799),ZNF324B (388569),0.811
CTTN (2017),SASH3 (54440),-0.802
CTTN (2017),P2RY8 (286530),-0.809
CTTN (2017),IKZF1 (10320),-0.828
CTTN (2017),RCSD1 (92241),-0.801
CHERP (10523),SAFB (6294),0.805
CHGB (1114),SYP (6855),0.801
CHGB (1114),RUNDC3A (10900),0.823
CHGB (1114),CHRNB2 (1141),0.845
FXYD3 (5349),S100A14 (57402),0.814
CMTM1 (113540),CKLF-CMTM1 (100529251),0.845
THPO (7066),CHRD (8646),0.841
KIF4A (24137),CENPI (2491),0.811
IL12RB1 (3594),RASAL3 (64926),0.805
IL12RB1 (3594),CD53 (963),0.809
IL12RB1 (3594),IKZF1 (10320),0.807
IL12RB1 (3594),ARHGAP30 (257106),0.811
WASHC2A (387680),WASHC2C (253725),0.849
SETD1A (9739),HCFC1 (3054),0.834
HNRNPM (4670),HNRNPU (3192),0.827
MISP (126353),ESRP2 (80004),0.801
MISP (126353),ELF3 (1999),0.804
MISP (126353),MST1R (4486),0.805
SOX10 (6663),ROPN1B (152015),0.873
SOX10 (6663),MLANA (2315),0.801
SOX10 (6663),PLP1 (5354),0.921
SOX10 (6663),S100B (6285),0.92
SOX10 (6663),SLC24A5 (283652),0.828
SOX10 (6663),MIA (8190),0.814
RPL3 (6122),RPS9 (6203),0.839
RPL3 (6122),RPL10A (4736),0.86
NCF4 (4689),MYO1G (64005),0.801
NCF4 (4689),TNFAIP8L2 (79626),0.86
CHGA (1113),CELF4 (56853),0.81
CHGA (1113),SCG3 (29106),0.876
CHGA (1113),RUNDC3A (10900),0.828
CHGA (1113),KCNC1 (3746),0.809
CHGA (1113),UNC79 (57578),0.831
CHGA (1113),CELF3 (11189),0.874
CHGA (1113),CHRNB2 (1141),0.872
CHGA (1113),BSN (8927),0.815
CHGA (1113),CDK5R2 (8941),0.846
HNF4A (3172),VIL1 (7429),0.863
HNF4A (3172),HNF1A (6927),0.863
HNF4A (3172),EPS8L3 (79574),0.874
CELF4 (56853),SCG3 (29106),0.817
CELF4 (56853),UNC79 (57578),0.813
CELF4 (56853),CHRNB2 (1141),0.805
SYP (6855),SCG3 (29106),0.804
SYP (6855),RUNDC3A (10900),0.815
SYP (6855),CHRNB2 (1141),0.855
SYP (6855),BSN (8927),0.847
ARMCX3 (51566),ARMCX6 (54470),0.869
CORO1A (11151),IKZF1 (10320),0.808
ELMO3 (79767),RAB25 (57111),0.802
ELMO3 (79767),IQANK1 (642574),0.81
ESRP2 (80004),ESRP1 (54845),0.808
ESRP2 (80004),IRF6 (3664),0.804
ESRP2 (80004),EPCAM (4072),0.854
ESRP2 (80004),OVOL2 (58495),0.801
ESRP2 (80004),PRRG2 (5639),0.821
ESRP2 (80004),CRB3 (92359),0.855
ESRP2 (80004),ARHGEF16 (27237),0.806
ESRP2 (80004),RAB25 (57111),0.842
ESRP2 (80004),MARVELD3 (91862),0.893
ESRP2 (80004),GRB7 (2886),0.812
ESRP2 (80004),CNKSR1 (10256),0.853
ESRP2 (80004),MAL2 (114569),0.845
ESRP2 (80004),MARVELD2 (153562),0.87
ESRP2 (80004),LAD1 (3898),0.858
ESRP2 (80004),BICDL2 (146439),0.837
ESRP2 (80004),ELF3 (1999),0.811
ESRP2 (80004),CDS1 (1040),0.817
ESRP2 (80004),MST1R (4486),0.811
ESRP2 (80004),SPINT1 (6692),0.835
ESRP2 (80004),TMC4 (147798),0.821
ESRP2 (80004),CDC42BPG (55561),0.827
ESRP2 (80004),KRT19 (3880),0.801
ESRP2 (80004),KDF1 (126695),0.873
ESRP2 (80004),TMEM125 (128218),0.833
ESRP2 (80004),CLDN7 (1366),0.865
ESRP2 (80004),PKP3 (11187),0.824
ESRP2 (80004),C6orf132 (647024),0.813
ESRP2 (80004),CLDN4 (1364),0.818
ESRP2 (80004),IQANK1 (642574),0.879
ESRP2 (80004),ARHGAP8 (23779),0.824
ESRP2 (80004),C1orf210 (149466),0.841
HAGHL (84264),CCDC78 (124093),0.84
SLC7A5 (8140),SLC3A2 (6520),0.801
NOMO1 (23420),NOMO2 (283820),0.819
CD276 (80381),FKBP9 (11328),0.826
CD276 (80381),IKZF1 (10320),-0.811
TJP1 (7082),RASAL3 (64926),-0.846
TJP1 (7082),NCKAP1L (3071),-0.848
TJP1 (7082),CD53 (963),-0.841
TJP1 (7082),PTPN7 (5778),-0.826
TJP1 (7082),KLHL6 (89857),-0.814
TJP1 (7082),IKZF1 (10320),-0.854
SCG3 (29106),RUNDC3A (10900),0.84
SCG3 (29106),KCNC1 (3746),0.806
SCG3 (29106),UNC79 (57578),0.856
SCG3 (29106),CELF3 (11189),0.872
SCG3 (29106),CHRNB2 (1141),0.904
SCG3 (29106),BSN (8927),0.846
SCG3 (29106),CDK5R2 (8941),0.854
ESRP1 (54845),IRF6 (3664),0.824
ESRP1 (54845),EPCAM (4072),0.815
ESRP1 (54845),OVOL2 (58495),0.859
ESRP1 (54845),PRRG2 (5639),0.813
ESRP1 (54845),RAB25 (57111),0.859
ESRP1 (54845),MARVELD3 (91862),0.873
ESRP1 (54845),ST14 (6768),0.81
ESRP1 (54845),LAD1 (3898),0.815
ESRP1 (54845),BICDL2 (146439),0.83
ESRP1 (54845),SPINT1 (6692),0.829
ESRP1 (54845),TMC4 (147798),0.826
ESRP1 (54845),CDC42BPG (55561),0.823
ESRP1 (54845),KDF1 (126695),0.897
ESRP1 (54845),TMEM125 (128218),0.834
ESRP1 (54845),CLDN7 (1366),0.833
ESRP1 (54845),TMEM30B (161291),0.836
ESRP1 (54845),IQANK1 (642574),0.85
ESRP1 (54845),C1orf210 (149466),0.848
MAP4K1 (11184),RASAL3 (64926),0.861
MAP4K1 (11184),CD48 (962),0.833
MAP4K1 (11184),IRAG2 (4033),0.816
MAP4K1 (11184),SASH3 (54440),0.822
MAP4K1 (11184),NCKAP1L (3071),0.802
MAP4K1 (11184),CD53 (963),0.85
MAP4K1 (11184),KLHL6 (89857),0.832
MAP4K1 (11184),P2RY8 (286530),0.838
MAP4K1 (11184),IKZF1 (10320),0.885
MAP4K1 (11184),ARHGAP30 (257106),0.87
MAP4K1 (11184),RCSD1 (92241),0.807
LHB (3972),AC008687.4 (101059948),0.879
DOT1L (84444),SAFB (6294),0.809
LYL1 (4066),TNFAIP8L2 (79626),0.805
RASAL3 (64926),CD48 (962),0.83
RASAL3 (64926),SASH3 (54440),0.843
RASAL3 (64926),FKBP9 (11328),-0.806
RASAL3 (64926),ARHGAP9 (64333),0.842
RASAL3 (64926),NCKAP1L (3071),0.869
RASAL3 (64926),PDE1B (5153),0.816
RASAL3 (64926),GMFG (9535),0.859
RASAL3 (64926),MYO1G (64005),0.84
RASAL3 (64926),CD53 (963),0.908
RASAL3 (64926),PTPN7 (5778),0.897
RASAL3 (64926),TMC8 (147138),0.811
RASAL3 (64926),RHOH (399),0.802
RASAL3 (64926),KLHL6 (89857),0.873
RASAL3 (64926),HCLS1 (3059),0.819
RASAL3 (64926),P2RY8 (286530),0.886
RASAL3 (64926),IKZF1 (10320),0.909
RASAL3 (64926),ARHGAP30 (257106),0.903
RASAL3 (64926),RCSD1 (92241),0.817
ZNF419 (79744),ZNF773 (374928),0.829
CD79A (973),SASH3 (54440),0.818
CD79A (973),VPREB3 (29802),0.811
CD79A (973),GRAP (10750),0.824
CD79A (973),NIBAN3 (199786),0.809
CD79A (973),CD19 (930),0.833
KLF1 (10661),GFI1B (8328),0.825
KLF1 (10661),KEL (3792),0.831
KLF1 (10661),MFSD2B (388931),0.919
LSR (51599),EPCAM (4072),0.806
LSR (51599),CRB3 (92359),0.809
SUGP1 (57794),MAU2 (23383),0.832
RASA4 (10156),RASA4B (100271927),0.958
PIK3CG (5294),IKZF1 (10320),0.824
PIK3CG (5294),RCSD1 (92241),0.806
CAV2 (858),CAV1 (857),0.884
HOXA2 (3199),HOXA3 (3200),0.854
HOXA5 (3202),HOXA6 (3203),0.812
CNTNAP3 (79937),CNTNAP3B (728577),0.874
TWNK (56652),PDCD11 (22984),0.809
TWNK (56652),NOLC1 (9221),0.803
RUNDC3A (10900),CELF3 (11189),0.858
RUNDC3A (10900),CHRNB2 (1141),0.883
RUNDC3A (10900),BSN (8927),0.85
RUNDC3A (10900),CDK5R2 (8941),0.83
TRIM16L (147166),TRIM16 (10626),0.853
HOXB6 (3216),HOXB5 (3215),0.897
PTGES3L-AARSD1 (100885850),PTGES3L (100885848),0.875
RPL34 (6164),RPS3A (6189),0.864
RPS13 (6207),RPL27A (6157),0.855
POU2AF1 (5450),JCHAIN (3512),0.812
POU2AF1 (5450),MZB1 (51237),0.829
BIN2 (51411),PTPN7 (5778),0.809
KRT18 (3875),KRT8 (3856),0.953
SCNN1A (6337),ELF3 (1999),0.804
SRSF3 (6428),SRSF7 (6432),0.808
SRSF3 (6428),SRSF1 (6426),0.801
AMOTL2 (51421),AJUBA (84962),0.81
AMOTL2 (51421),YAP1 (10413),0.84
AMOTL2 (51421),MYOF (26509),0.809
AMOTL2 (51421),EPHA2 (1969),0.844
AMOTL2 (51421),CCN1 (3491),0.863
AMOTL2 (51421),GPX8 (493869),0.811
AMOTL2 (51421),LAMB2 (3913),0.812
USP9Y (8287),RPS4Y1 (6192),0.848
USP9Y (8287),EIF1AY (9086),0.869
ROPN1B (152015),PLP1 (5354),0.805
ROPN1B (152015),S100B (6285),0.812
DLX2 (1746),DLX1 (1745),0.813
SRSF7 (6432),SRSF1 (6426),0.805
PLEK (5341),WDFY4 (57705),0.811
CD48 (962),CD53 (963),0.814
CD48 (962),MZB1 (51237),0.846
CD48 (962),P2RY8 (286530),0.815
CD48 (962),IKZF1 (10320),0.811
CD48 (962),ARHGAP30 (257106),0.836
CD48 (962),RCSD1 (92241),0.812
IRF6 (3664),PRRG2 (5639),0.817
IRF6 (3664),RAB25 (57111),0.849
IRF6 (3664),MARVELD3 (91862),0.858
IRF6 (3664),CBLC (23624),0.802
IRF6 (3664),LAD1 (3898),0.822
IRF6 (3664),BICDL2 (146439),0.815
IRF6 (3664),SPINT1 (6692),0.82
IRF6 (3664),CDC42BPG (55561),0.826
IRF6 (3664),OVOL1 (5017),0.811
IRF6 (3664),KDF1 (126695),0.876
IRF6 (3664),CLDN7 (1366),0.832
IRF6 (3664),TMEM30B (161291),0.815
IRF6 (3664),S100A14 (57402),0.805
IRF6 (3664),IQANK1 (642574),0.831
IRF6 (3664),C1orf210 (149466),0.801
RPA2 (6118),PPP1R8 (5511),0.806
IRAG2 (4033),SASH3 (54440),0.818
IRAG2 (4033),CD53 (963),0.828
IRAG2 (4033),P2RY8 (286530),0.825
IRAG2 (4033),IKZF1 (10320),0.839
IRAG2 (4033),RCSD1 (92241),0.813
BSPRY (54836),OVOL2 (58495),0.806
BSPRY (54836),KDF1 (126695),0.813
CSF3R (1441),PRAM1 (84106),0.806
CSF3R (1441),AZU1 (566),0.804
CSF3R (1441),RAB44 (401258),0.813
EPCAM (4072),OVOL2 (58495),0.846
EPCAM (4072),PRRG2 (5639),0.811
EPCAM (4072),CRB3 (92359),0.85
EPCAM (4072),RAB25 (57111),0.816
EPCAM (4072),MARVELD3 (91862),0.87
EPCAM (4072),GRB7 (2886),0.803
EPCAM (4072),CNKSR1 (10256),0.819
EPCAM (4072),MAL2 (114569),0.856
EPCAM (4072),ST14 (6768),0.815
EPCAM (4072),MARVELD2 (153562),0.862
EPCAM (4072),LAD1 (3898),0.832
EPCAM (4072),ELF3 (1999),0.815
EPCAM (4072),CDS1 (1040),0.806
EPCAM (4072),CHMP4C (92421),0.813
EPCAM (4072),SPINT1 (6692),0.851
EPCAM (4072),TMC4 (147798),0.826
EPCAM (4072),CDC42BPG (55561),0.831
EPCAM (4072),KDF1 (126695),0.885
EPCAM (4072),TMEM125 (128218),0.821
EPCAM (4072),CLDN7 (1366),0.858
EPCAM (4072),CLDN4 (1364),0.817
EPCAM (4072),IQANK1 (642574),0.837
EPCAM (4072),ARHGAP8 (23779),0.834
EPCAM (4072),C1orf210 (149466),0.842
IFIT3 (3437),IFIT2 (3433),0.892
IFIT3 (3437),IFIT1 (3434),0.835
IFIT2 (3433),IFIT1 (3434),0.862
CAAP1 (79886),PLAA (9373),0.807
MLANA (2315),SLC45A2 (51151),0.91
MLANA (2315),PMEL (6490),0.872
MLANA (2315),SLC24A5 (283652),0.949
PCDHB10 (56126),PCDHB14 (56122),0.812
PCDHB10 (56126),PCDHB9 (56127),0.807
SASH3 (54440),ZNF205 (7755),-0.813
SASH3 (54440),ARHGAP9 (64333),0.803
SASH3 (54440),NCKAP1L (3071),0.855
SASH3 (54440),MYO1G (64005),0.82
SASH3 (54440),CD53 (963),0.869
SASH3 (54440),PTPN7 (5778),0.821
SASH3 (54440),GRAP (10750),0.833
SASH3 (54440),TAGAP (117289),0.801
SASH3 (54440),NLRC3 (197358),0.887
SASH3 (54440),CD52 (1043),0.853
SASH3 (54440),KLHL6 (89857),0.829
SASH3 (54440),TBC1D10C (374403),0.901
SASH3 (54440),SEPTIN1 (1731),0.811
SASH3 (54440),P2RY8 (286530),0.852
SASH3 (54440),IKZF1 (10320),0.866
SASH3 (54440),ARHGAP30 (257106),0.823
SASH3 (54440),RCSD1 (92241),0.834
SASH3 (54440),PTPRCAP (5790),0.815
ZNF205 (7755),CD53 (963),-0.804
ZNF205 (7755),P2RY8 (286530),-0.801
ZNF205 (7755),IKZF1 (10320),-0.848
FKBP9 (11328),CD53 (963),-0.803
FKBP9 (11328),IKZF1 (10320),-0.832
FKBP9 (11328),ARHGAP30 (257106),-0.802
NECAB1 (64168),C8orf88 (100127983),0.822
ARHGAP9 (64333),NCKAP1L (3071),0.809
ARHGAP9 (64333),GMFG (9535),0.813
ARHGAP9 (64333),CD53 (963),0.824
ARHGAP9 (64333),PTPN7 (5778),0.832
ARHGAP9 (64333),P2RY8 (286530),0.824
ARHGAP9 (64333),IKZF1 (10320),0.823
ARHGAP9 (64333),SPN (6693),0.826
NCKAP1L (3071),PDE1B (5153),0.889
NCKAP1L (3071),GMFG (9535),0.81
NCKAP1L (3071),MYO1G (64005),0.833
NCKAP1L (3071),CD53 (963),0.877
NCKAP1L (3071),PTPN7 (5778),0.857
NCKAP1L (3071),TNFAIP8L2 (79626),0.809
NCKAP1L (3071),TAGAP (117289),0.805
NCKAP1L (3071),RHOH (399),0.803
NCKAP1L (3071),KLHL6 (89857),0.853
NCKAP1L (3071),TBC1D10C (374403),0.803
NCKAP1L (3071),P2RY8 (286530),0.825
NCKAP1L (3071),IKZF1 (10320),0.886
NCKAP1L (3071),ARHGAP30 (257106),0.818
PLP1 (5354),S100B (6285),0.892
SLC12A4 (6560),LCAT (3931),0.885
GDAP1L1 (78997),SCRT1 (83482),0.82
RPS10 (6204),RPS18 (6222),0.845
MED1 (5469),CDK12 (51755),0.855
FOSB (2354),FOS (2353),0.875
OVOL2 (58495),PRRG2 (5639),0.812
OVOL2 (58495),RAB25 (57111),0.85
OVOL2 (58495),MARVELD3 (91862),0.874
OVOL2 (58495),ST14 (6768),0.812
OVOL2 (58495),MARVELD2 (153562),0.815
OVOL2 (58495),CDS1 (1040),0.805
OVOL2 (58495),SPINT1 (6692),0.817
OVOL2 (58495),TMC4 (147798),0.817
OVOL2 (58495),CDC42BPG (55561),0.848
OVOL2 (58495),KDF1 (126695),0.922
OVOL2 (58495),TMEM125 (128218),0.84
OVOL2 (58495),CLDN7 (1366),0.821
OVOL2 (58495),TMEM30B (161291),0.822
OVOL2 (58495),IQANK1 (642574),0.837
OVOL2 (58495),ARHGAP8 (23779),0.808
OVOL2 (58495),C1orf210 (149466),0.855
PCID2 (55795),CUL4A (8451),0.839
HCST (10870),MYO1G (64005),0.806
HCST (10870),TNFAIP8L2 (79626),0.802
PRRG2 (5639),CRB3 (92359),0.817
PRRG2 (5639),RAB25 (57111),0.844
PRRG2 (5639),MARVELD3 (91862),0.874
PRRG2 (5639),ST14 (6768),0.812
PRRG2 (5639),BICDL2 (146439),0.856
PRRG2 (5639),CDS1 (1040),0.805
PRRG2 (5639),SPINT1 (6692),0.822
PRRG2 (5639),TMC4 (147798),0.859
PRRG2 (5639),CDC42BPG (55561),0.832
PRRG2 (5639),KDF1 (126695),0.88
PRRG2 (5639),TMEM125 (128218),0.854
PRRG2 (5639),CLDN7 (1366),0.83
PRRG2 (5639),IQANK1 (642574),0.842
PRRG2 (5639),C1orf210 (149466),0.851
EVI2A (2123),EVI2B (2124),0.843
TAS2R4 (50832),TAS2R5 (54429),0.881
TAS2R3 (50831),TAS2R4 (50832),0.836
LRRC61 (65999),ZBED6CL (113763),0.935
VIL1 (7429),HNF1A (6927),0.816
VIL1 (7429),EPS8L3 (79574),0.802
SGCE (8910),PEG10 (23089),0.802
PAICS (10606),PPAT (5471),0.848
VPREB3 (29802),NIBAN3 (199786),0.812
VPREB3 (29802),CD19 (930),0.852
HOXD3 (3232),HOXD4 (3233),0.867
SNRPN (6638),SNURF (8926),0.852
WDFY4 (57705),NCF1 (653361),0.837
WDFY4 (57705),ZC3H12D (340152),0.84
KCNC1 (3746),UNC79 (57578),0.822
KCNC1 (3746),CELF3 (11189),0.836
KCNC1 (3746),CHRNB2 (1141),0.849
KCNC1 (3746),BSN (8927),0.844
ILF3 (3609),RAVER1 (125950),0.806
AJUBA (84962),EPHA2 (1969),0.802
FOXA1 (3169),TTC6 (319089),0.854
RPS4Y1 (6192),EIF1AY (9086),0.852
SAFB2 (9667),SAFB (6294),0.861
GDF1 (2657),CERS1 (10715),0.906
CRB3 (92359),RAB25 (57111),0.817
CRB3 (92359),MARVELD3 (91862),0.875
CRB3 (92359),GRB7 (2886),0.822
CRB3 (92359),MAL2 (114569),0.869
CRB3 (92359),ST14 (6768),0.801
CRB3 (92359),MARVELD2 (153562),0.843
CRB3 (92359),LAD1 (3898),0.85
CRB3 (92359),BICDL2 (146439),0.818
CRB3 (92359),ELF3 (1999),0.841
CRB3 (92359),CDS1 (1040),0.815
CRB3 (92359),SPINT1 (6692),0.824
CRB3 (92359),TMC4 (147798),0.825
CRB3 (92359),KDF1 (126695),0.868
CRB3 (92359),TMEM125 (128218),0.828
CRB3 (92359),CLDN7 (1366),0.819
CRB3 (92359),IQANK1 (642574),0.828
CRB3 (92359),ARHGAP8 (23779),0.817
CRB3 (92359),C1orf210 (149466),0.844
GMFG (9535),CD53 (963),0.863
GMFG (9535),PTPN7 (5778),0.876
GMFG (9535),LAPTM5 (7805),0.809
GMFG (9535),KLHL6 (89857),0.81
GMFG (9535),P2RY8 (286530),0.821
GMFG (9535),IKZF1 (10320),0.865
GMFG (9535),ARHGAP30 (257106),0.831
GMFG (9535),SPN (6693),0.856
GMFG (9535),RCSD1 (92241),0.832
ARHGEF16 (27237),MARVELD3 (91862),0.815
ARHGEF16 (27237),KDF1 (126695),0.801
ARHGEF16 (27237),IQANK1 (642574),0.806
DNMT1 (1786),RAVER1 (125950),0.821
DNMT1 (1786),CHAF1A (10036),0.83
LATS1 (9113),SCAF8 (22828),0.803
AOC3 (8639),AOC2 (314),0.879
DHX30 (22907),DCAF1 (9730),0.801
DHX30 (22907),QRICH1 (54870),0.811
ITGB4 (3691),GJB3 (2707),0.825
NIP7 (51388),UTP4 (84916),0.807
VPS4A (27183),COG8 (84342),0.808
RAB25 (57111),MARVELD3 (91862),0.897
RAB25 (57111),CBLC (23624),0.848
RAB25 (57111),CNKSR1 (10256),0.806
RAB25 (57111),EPHA1 (2041),0.805
RAB25 (57111),MAL2 (114569),0.801
RAB25 (57111),ST14 (6768),0.837
RAB25 (57111),LAD1 (3898),0.847
RAB25 (57111),BICDL2 (146439),0.9
RAB25 (57111),CDS1 (1040),0.81
RAB25 (57111),SPINT1 (6692),0.825
RAB25 (57111),TMC4 (147798),0.841
RAB25 (57111),CDC42BPG (55561),0.842
RAB25 (57111),OVOL1 (5017),0.855
RAB25 (57111),KDF1 (126695),0.904
RAB25 (57111),TMEM125 (128218),0.894
RAB25 (57111),CLDN7 (1366),0.861
RAB25 (57111),TMEM30B (161291),0.864
RAB25 (57111),S100A14 (57402),0.842
RAB25 (57111),IQANK1 (642574),0.888
RAB25 (57111),ARHGAP8 (23779),0.816
RAB25 (57111),C1orf210 (149466),0.876
RAB25 (57111),LIX1L (128077),-0.824
PRAM1 (84106),AZU1 (566),0.821
PRAM1 (84106),RAB44 (401258),0.832
UNC79 (57578),CELF3 (11189),0.839
UNC79 (57578),CHRNB2 (1141),0.836
UNC79 (57578),BSN (8927),0.825
RSAD2 (91543),CMPK2 (129607),0.857
SAA2 (6289),SAA1 (6288),0.949
RTL8C (8933),RTL8A (26071),0.849
PIWIL4 (143689),FUT4 (2526),0.817
CDCA8 (55143),KIF2C (11004),0.847
COL4A2 (1284),COL4A1 (1282),0.914
DHX9 (1660),HNRNPU (3192),0.838
ANKRD36 (375248),ANKRD36B (57730),0.831
MYO1G (64005),CD53 (963),0.843
MYO1G (64005),PTPN7 (5778),0.844
MYO1G (64005),TNFAIP8L2 (79626),0.815
MYO1G (64005),KLHL6 (89857),0.809
MYO1G (64005),IKZF1 (10320),0.844
MYO1G (64005),ARHGAP30 (257106),0.803
YAP1 (10413),EPHA2 (1969),0.848
YAP1 (10413),LAMB2 (3913),0.802
CASP1 (834),CARD16 (114769),0.825
NUSAP1 (51203),KNL1 (57082),0.829
NUSAP1 (51203),BUB1B (701),0.843
KIF23 (9493),PRC1 (9055),0.81
KNL1 (57082),BUB1B (701),0.81
DUOX1 (53905),DUOXA1 (90527),0.848
STRA6 (64220),CCDC33 (80125),0.871
GCOM1 (145781),MYZAP (100820829),0.942
MYOF (26509),EPHA2 (1969),0.826
MYOF (26509),ANXA2 (302),0.803
PARP9 (83666),DTX3L (151636),0.913
DUOXA1 (90527),DUOX2 (50506),0.829
MARVELD3 (91862),GRB7 (2886),0.808
MARVELD3 (91862),CBLC (23624),0.828
MARVELD3 (91862),CNKSR1 (10256),0.831
MARVELD3 (91862),EPHA1 (2041),0.81
MARVELD3 (91862),MAL2 (114569),0.846
MARVELD3 (91862),ST14 (6768),0.834
MARVELD3 (91862),MPZL2 (10205),0.805
MARVELD3 (91862),MARVELD2 (153562),0.86
MARVELD3 (91862),LAD1 (3898),0.869
MARVELD3 (91862),BICDL2 (146439),0.889
MARVELD3 (91862),CDS1 (1040),0.859
MARVELD3 (91862),TC2N (123036),0.805
MARVELD3 (91862),SPINT1 (6692),0.859
MARVELD3 (91862),TMC4 (147798),0.882
MARVELD3 (91862),CDC42BPG (55561),0.868
MARVELD3 (91862),OVOL1 (5017),0.834
MARVELD3 (91862),KDF1 (126695),0.94
MARVELD3 (91862),TMEM125 (128218),0.881
MARVELD3 (91862),CLDN7 (1366),0.875
MARVELD3 (91862),TMEM30B (161291),0.851
MARVELD3 (91862),CLDN4 (1364),0.804
MARVELD3 (91862),S100A14 (57402),0.828
MARVELD3 (91862),IQANK1 (642574),0.901
MARVELD3 (91862),ARHGAP8 (23779),0.873
MARVELD3 (91862),PRR5-ARHGAP8 (553158),0.82
MARVELD3 (91862),C1orf210 (149466),0.904
MARVELD3 (91862),LIX1L (128077),-0.831
TIGD7 (91151),ZNF75A (7627),0.814
TOM1L1 (10040),IKZF1 (10320),-0.82
ZMYND15 (84225),CXCL16 (58191),0.802
MBD1 (4152),CXXC1 (30827),0.843
P3H4 (10609),FKBP10 (60681),0.813
GRB7 (2886),MAL2 (114569),0.823
GRB7 (2886),ELF3 (1999),0.826
GRB7 (2886),KDF1 (126695),0.807
COL6A1 (1291),COL6A2 (1292),0.888
CBLC (23624),LAD1 (3898),0.814
CBLC (23624),BICDL2 (146439),0.816
CBLC (23624),OVOL1 (5017),0.812
CBLC (23624),KDF1 (126695),0.82
CBLC (23624),S100A14 (57402),0.805
CBLC (23624),IQANK1 (642574),0.82
RPS11 (6205),RPL13A (23521),0.881
RPL13A (23521),RPS9 (6203),0.834
CNKSR1 (10256),SPINT1 (6692),0.815
CNKSR1 (10256),KDF1 (126695),0.842
CNKSR1 (10256),TMEM125 (128218),0.806
CNKSR1 (10256),CLDN7 (1366),0.821
CNKSR1 (10256),IQANK1 (642574),0.812
CNKSR1 (10256),C1orf210 (149466),0.805
PLK4 (10733),MAD2L1 (4085),0.817
CCN1 (3491),CRIM1 (51232),0.827
CCN1 (3491),GPX8 (493869),0.856
CCN1 (3491),AXL (558),0.817
CD53 (963),PTPN7 (5778),0.9
CD53 (963),LAPTM5 (7805),0.809
CD53 (963),TNFAIP8L2 (79626),0.802
CD53 (963),INPP5D (3635),0.811
CD53 (963),KLHL6 (89857),0.904
CD53 (963),HCLS1 (3059),0.826
CD53 (963),P2RY8 (286530),0.886
CD53 (963),IKZF1 (10320),0.921
CD53 (963),ARHGAP30 (257106),0.888
CD53 (963),SPN (6693),0.804
CD53 (963),RCSD1 (92241),0.845
CD53 (963),PTPRCAP (5790),0.808
NECTIN4 (81607),PROM2 (150696),0.804
NECTIN4 (81607),BICDL2 (146439),0.802
SETDB1 (9869),POGZ (23126),0.813
S100A8 (6279),S100A9 (6280),0.879
PTPN7 (5778),TNFAIP8L2 (79626),0.835
PTPN7 (5778),LAIR1 (3903),0.806
PTPN7 (5778),INPP5D (3635),0.817
PTPN7 (5778),KLHL6 (89857),0.866
PTPN7 (5778),P2RY8 (286530),0.86
PTPN7 (5778),IKZF1 (10320),0.896
PTPN7 (5778),ARHGAP30 (257106),0.856
PTPN7 (5778),SPN (6693),0.853
PTPN7 (5778),RCSD1 (92241),0.81
RPL32 (6161),RPL29 (6159),0.826
RPL32 (6161),RPL15 (6138),0.846
RPL32 (6161),RPL14 (9045),0.803
CCNA2 (890),MAD2L1 (4085),0.852
CDCA5 (113130),INCENP (3619),0.809
CDCA5 (113130),FEN1 (2237),0.803
EPHA1 (2041),LAD1 (3898),0.801
EPHA1 (2041),BICDL2 (146439),0.818
EPHA1 (2041),OVOL1 (5017),0.833
EPHA1 (2041),S100A14 (57402),0.823
MAL2 (114569),MARVELD2 (153562),0.834
MAL2 (114569),LAD1 (3898),0.824
MAL2 (114569),ELF3 (1999),0.843
MAL2 (114569),CDS1 (1040),0.843
MAL2 (114569),SPINT1 (6692),0.814
MAL2 (114569),TMC4 (147798),0.816
MAL2 (114569),KDF1 (126695),0.86
MAL2 (114569),TMEM125 (128218),0.807
MAL2 (114569),CLDN7 (1366),0.826
MAL2 (114569),CLDN4 (1364),0.822
MAL2 (114569),IQANK1 (642574),0.84
MAL2 (114569),ARHGAP8 (23779),0.817
MAL2 (114569),C1orf210 (149466),0.808
PPRC1 (23082),PDCD11 (22984),0.804
PDCD11 (22984),NOLC1 (9221),0.801
ST14 (6768),SPINT1 (6692),0.829
ST14 (6768),CDC42BPG (55561),0.814
ST14 (6768),KDF1 (126695),0.873
ST14 (6768),TMEM125 (128218),0.816
ST14 (6768),CLDN7 (1366),0.81
ST14 (6768),C1orf210 (149466),0.826
CDC123 (8872),NUDT5 (11164),0.816
AKR1C2 (1646),AKR1C1 (1645),0.87
AKR1C2 (1646),AKR1C3 (8644),0.826
CCDC74B (91409),CCDC74A (90557),0.809
PTPN14 (5784),GPX8 (493869),0.812
ZNF117 (51351),ERV3-1 (2086),0.888
MARVELD2 (153562),LAD1 (3898),0.803
MARVELD2 (153562),ELF3 (1999),0.804
MARVELD2 (153562),TMEM184A (202915),0.813
MARVELD2 (153562),SPINT1 (6692),0.822
MARVELD2 (153562),CDC42BPG (55561),0.804
MARVELD2 (153562),KDF1 (126695),0.863
MARVELD2 (153562),CLDN7 (1366),0.83
MARVELD2 (153562),CLDN4 (1364),0.809
MARVELD2 (153562),IQANK1 (642574),0.821
MARVELD2 (153562),C1orf210 (149466),0.826
GRAP (10750),CD52 (1043),0.805
MAGED4 (728239),MAGED4B (81557),0.978
TRIM74 (378108),TRIM73 (375593),0.844
BUB1B (701),ARHGAP11A (9824),0.805
BRPF1 (7862),TATDN2 (9797),0.805
STEAP2 (261729),STEAP1 (26872),0.816
H2BC5 (3017),H2AC6 (8334),0.83
LAD1 (3898),BICDL2 (146439),0.814
LAD1 (3898),SPINT1 (6692),0.813
LAD1 (3898),OVOL1 (5017),0.813
LAD1 (3898),KDF1 (126695),0.859
LAD1 (3898),CLDN7 (1366),0.832
LAD1 (3898),S100A14 (57402),0.815
LAD1 (3898),IQANK1 (642574),0.852
LAD1 (3898),ARHGAP8 (23779),0.819
LAD1 (3898),C1orf210 (149466),0.817
PSMD4 (5710),PSMB4 (5692),0.826
CELF3 (11189),CHRNB2 (1141),0.899
CELF3 (11189),BSN (8927),0.833
CELF3 (11189),SCN3B (55800),0.811
CELF3 (11189),NSG2 (51617),0.836
CELF3 (11189),CDK5R2 (8941),0.829
C1R (715),C1S (716),0.845
CELF3 (11189),SCRT1 (83482),0.814
GATD3A (8209),PWP2 (5822),0.818
ICOSLG (23308),FP565260.3 (102723996),0.874
CHRNB2 (1141),BSN (8927),0.894
CHRNB2 (1141),SCN3B (55800),0.81
CHRNB2 (1141),NSG2 (51617),0.811
CHRNB2 (1141),CDK5R2 (8941),0.852
CHRNB2 (1141),SCRT1 (83482),0.801
TONSL (4796),RECQL4 (9401),0.834
MFSD12 (126321),C19orf71 (100128569),0.877
ZNF577 (84765),ZNF649 (65251),0.858
DBF4B (80174),KIF18B (146909),0.831
POLR3K (51728),SNRNP25 (79622),0.802
BICDL2 (146439),CDS1 (1040),0.818
BICDL2 (146439),SPINT1 (6692),0.806
BICDL2 (146439),TMC4 (147798),0.872
BICDL2 (146439),CDC42BPG (55561),0.82
BICDL2 (146439),OVOL1 (5017),0.869
BICDL2 (146439),KDF1 (126695),0.868
BICDL2 (146439),TMEM125 (128218),0.899
BICDL2 (146439),CLDN7 (1366),0.853
BICDL2 (146439),TMEM30B (161291),0.827
BICDL2 (146439),S100A14 (57402),0.848
BICDL2 (146439),IQANK1 (642574),0.878
BICDL2 (146439),RNF223 (401934),0.825
BICDL2 (146439),ARHGAP8 (23779),0.818
BICDL2 (146439),C1orf210 (149466),0.87
BICDL2 (146439),LIX1L (128077),-0.833
RPL29 (6159),RPL14 (9045),0.835
OXER1 (165140),HAAO (23498),0.932
TNFAIP8L2 (79626),SPN (6693),0.807
ELF3 (1999),CLDN7 (1366),0.802
ELF3 (1999),CLDN4 (1364),0.839
CDS1 (1040),SPINT1 (6692),0.811
CDS1 (1040),TMC4 (147798),0.815
CDS1 (1040),CDC42BPG (55561),0.801
CDS1 (1040),KDF1 (126695),0.856
CDS1 (1040),TMEM125 (128218),0.822
CDS1 (1040),CLDN7 (1366),0.814
CDS1 (1040),IQANK1 (642574),0.84
CDS1 (1040),ARHGAP8 (23779),0.81
CDS1 (1040),C1orf210 (149466),0.81
DTX3L (151636),PARP14 (54625),0.847
BSN (8927),CDK5R2 (8941),0.816
NAA15 (80155),ABCE1 (6059),0.822
SLC45A2 (51151),PMEL (6490),0.83
SLC45A2 (51151),SLC24A5 (283652),0.914
GPX8 (493869),GNG12 (55970),0.81
TAGAP (117289),IKZF1 (10320),0.803
TMEM184A (202915),CLDN4 (1364),0.805
TC2N (123036),KDF1 (126695),0.809
SPINT1 (6692),TMC4 (147798),0.824
SPINT1 (6692),CDC42BPG (55561),0.858
SPINT1 (6692),KDF1 (126695),0.885
SPINT1 (6692),TMEM125 (128218),0.819
SPINT1 (6692),CLDN7 (1366),0.844
SPINT1 (6692),IQANK1 (642574),0.826
SPINT1 (6692),ARHGAP8 (23779),0.806
SPINT1 (6692),C1orf210 (149466),0.821
SCN3B (55800),SCRT1 (83482),0.802
CHRFAM7A (89832),GOLGA8H (728498),0.812
UGT1A6 (54578),UGT1A1 (54658),0.854
NIBAN3 (199786),CD19 (930),0.807
ZNF701 (55762),ZNF808 (388558),0.89
TMC4 (147798),CDC42BPG (55561),0.82
TMC4 (147798),KDF1 (126695),0.876
TMC4 (147798),TMEM125 (128218),0.87
TMC4 (147798),CLDN7 (1366),0.843
TMC4 (147798),TMEM30B (161291),0.814
TMC4 (147798),IQANK1 (642574),0.846
TMC4 (147798),ARHGAP8 (23779),0.816
TMC4 (147798),C1orf210 (149466),0.871
TMC8 (147138),ARHGAP30 (257106),0.804
NLRC3 (197358),CD52 (1043),0.831
NLRC3 (197358),TBC1D10C (374403),0.881
NLRC3 (197358),IKZF1 (10320),0.812
NLRC3 (197358),PTPRCAP (5790),0.803
RPSA (3921),RPL14 (9045),0.838
TAP1 (6890),PSMB9 (5698),0.85
RHOH (399),IKZF1 (10320),0.817
INPP5D (3635),IKZF1 (10320),0.815
INPP5D (3635),ARHGAP30 (257106),0.801
JMJD7-PLA2G4B (8681),PLA2G4B (100137049),0.844
NPIPB12 (440353),NPIPB4 (440345),0.816
NPIPB12 (440353),NPIPB5 (100132247),0.873
NPIPB3 (23117),NPIPB4 (440345),0.806
NPIPB3 (23117),NPIPB5 (100132247),0.851
CD52 (1043),TBC1D10C (374403),0.834
CAVIN4 (347273),TMEFF1 (8577),0.832
CAVIN4 (347273),MSANTD3-TMEFF1 (100526694),0.868
RPS9 (6203),RPL10A (4736),0.846
CDC42BPG (55561),KDF1 (126695),0.894
CDC42BPG (55561),TMEM125 (128218),0.816
CDC42BPG (55561),CLDN7 (1366),0.816
CDC42BPG (55561),IQANK1 (642574),0.853
CDC42BPG (55561),ARHGAP8 (23779),0.818
CDC42BPG (55561),C1orf210 (149466),0.823
TPPP (11076),ZDHHC11B (653082),0.809
PLEKHG5 (57449),TNFRSF25 (8718),0.81
ZNF570 (148268),ZNF569 (148266),0.902
LAMB2 (3913),IKZF1 (10320),-0.805
AZU1 (566),PPP1R27 (116729),0.805
AZU1 (566),RAB44 (401258),0.835
GNG12 (55970),PARVA (55742),0.802
KLHL6 (89857),P2RY8 (286530),0.846
KLHL6 (89857),IKZF1 (10320),0.899
KLHL6 (89857),ARHGAP30 (257106),0.853
RAB43 (339122),ISY1-RAB43 (100534599),0.906
OVOL1 (5017),KDF1 (126695),0.826
OVOL1 (5017),TMEM125 (128218),0.809
OVOL1 (5017),CLDN7 (1366),0.802
OVOL1 (5017),S100A14 (57402),0.829
OVOL1 (5017),IQANK1 (642574),0.847
OVOL1 (5017),LIX1L (128077),-0.838
UQCRH (7388),UQCRHL (440567),0.82
TLR10 (81793),CD19 (930),0.812
TLR10 (81793),SPIB (6689),0.81
RPL15 (6138),RPL14 (9045),0.809
SEZ6L2 (26470),ASPHD1 (253982),0.803
TVP23C (201158),TVP23C-CDRT4 (100533496),0.811
TBC1D10C (374403),IKZF1 (10320),0.805
TBC1D10C (374403),PTPRCAP (5790),0.825
DRAP1 (10589),C11orf68 (83638),0.817
KDF1 (126695),TMEM125 (128218),0.899
KDF1 (126695),CLDN7 (1366),0.883
KDF1 (126695),TMEM30B (161291),0.865
KDF1 (126695),C1orf116 (79098),0.803
KDF1 (126695),S100A14 (57402),0.814
KDF1 (126695),IQANK1 (642574),0.89
KDF1 (126695),ARHGAP8 (23779),0.855
KDF1 (126695),C1orf210 (149466),0.919
KDF1 (126695),LIX1L (128077),-0.814
SFN (2810),PKP3 (11187),0.801
LRRC37A (9884),LRRC37A2 (474170),0.878
C18orf32 (497661),RPL17-C18orf32 (100526842),0.832
ALS2CL (259173),GJB3 (2707),0.803
GOLGA8Q (727909),GOLGA8R (101059918),0.925
GOLGA8Q (727909),GOLGA8O (728047),0.914
GOLGA8Q (727909),GOLGA8N (643699),0.889
TMEM125 (128218),CLDN7 (1366),0.871
TMEM125 (128218),TMEM30B (161291),0.833
TMEM125 (128218),SOWAHB (345079),0.802
TMEM125 (128218),IQANK1 (642574),0.851
TMEM125 (128218),C1orf210 (149466),0.94
FAM156B (727866),FAM156A (29057),0.88
HLA-DQB1 (3119),HLA-DRB1 (3123),0.835
HLA-DQB1 (3119),HLA-DQA1 (3117),0.805
HLA-DQB1 (3119),HLA-DRB5 (3127),0.821
CIITA (4261),HLA-DRB1 (3123),0.868
CIITA (4261),HLA-DQA1 (3117),0.848
CIITA (4261),HLA-DRB5 (3127),0.865
CIITA (4261),HLA-DOA (3111),0.834
CIITA (4261),HLA-DRA (3122),0.933
CIITA (4261),HLA-DPB1 (3115),0.839
CIITA (4261),HLA-DPA1 (3113),0.887
B3GNT3 (10331),GJB3 (2707),0.819
TSHZ1 (10194),ZADH2 (284273),0.815
ANKRD18A (253650),FAM95C (100289137),0.867
ZNF816 (125893),ZNF888 (388559),0.834
HCLS1 (3059),IKZF1 (10320),0.82
HCLS1 (3059),ARHGAP30 (257106),0.819
HOXC9 (3225),HOXC6 (3223),0.806
ZNF443 (10224),ZNF799 (90576),0.873
FAM83H (286077),IQANK1 (642574),0.858
SLC26A11 (284129),SGSH (6448),0.853
CLDN7 (1366),TMEM30B (161291),0.82
CLDN7 (1366),C1orf116 (79098),0.802
CLDN7 (1366),C6orf132 (647024),0.801
CLDN7 (1366),CLDN4 (1364),0.843
CLDN7 (1366),S100A14 (57402),0.802
CLDN7 (1366),IQANK1 (642574),0.841
CLDN7 (1366),C1orf210 (149466),0.863
TMEM30B (161291),IQANK1 (642574),0.827
TMEM30B (161291),C1orf210 (149466),0.836
P2RY8 (286530),IKZF1 (10320),0.888
P2RY8 (286530),ARHGAP30 (257106),0.868
P2RY8 (286530),RCSD1 (92241),0.858
HCAR2 (338442),HCAR3 (8843),0.88
C1orf116 (79098),GJB3 (2707),0.814
FOXL2 (668),FOXL2NB (401089),0.94
EIF3C (8663),EIF3CL (728689),0.925
PKP3 (11187),IQANK1 (642574),0.809
FOXD4L4 (349334),FOXD4L5 (653427),0.878
TMEM106A (113277),CCDC200 (100874261),0.841
RGPD2 (729857),RGPD1 (400966),0.923
PMEL (6490),SLC24A5 (283652),0.852
IKZF1 (10320),ARHGAP30 (257106),0.907
IKZF1 (10320),TEAD1 (7003),-0.801
IKZF1 (10320),SPN (6693),0.813
IKZF1 (10320),RCSD1 (92241),0.863
ARL17A (51326),LRRC37A2 (474170),0.883
ZNF829 (374899),ZNF568 (374900),0.922
NPIPB4 (440345),NPIPB5 (100132247),0.915
KRT5 (3852),KRT6A (3853),0.834
GOLGA8R (101059918),GOLGA8O (728047),0.94
GOLGA8R (101059918),GOLGA8N (643699),0.928
ARHGAP30 (257106),RCSD1 (92241),0.831
SEPTIN10 (151011),SOWAHC (65124),0.828
AKR1C1 (1645),AKR1C3 (8644),0.811
C6orf132 (647024),IQANK1 (642574),0.803
ZNF177 (7730),ZNF559-ZNF177 (100529215),0.825
GJB3 (2707),SERPINB5 (5268),0.807
S100A14 (57402),IQANK1 (642574),0.823
S100A14 (57402),LIX1L (128077),-0.802
KIAA0408 (9729),SOGA3 (387104),0.876
HLA-DRB1 (3123),HLA-DQA1 (3117),0.832
HLA-DRB1 (3123),HLA-DRB5 (3127),0.942
HLA-DRB1 (3123),HLA-DMA (3108),0.815
HLA-DRB1 (3123),HLA-DRA (3122),0.927
HLA-DRB1 (3123),HLA-DPB1 (3115),0.807
HLA-DRB1 (3123),HLA-DPA1 (3113),0.88
POM121 (9883),POM121C (100101267),0.919
FAM72A (729533),FAM72D (728833),0.836
TTC30B (150737),TTC30A (92104),0.804
HLA-DQA1 (3117),HLA-DRB5 (3127),0.871
HLA-DQA1 (3117),HLA-DOA (3111),0.867
HLA-DQA1 (3117),HLA-DRA (3122),0.848
HLA-DQA1 (3117),HLA-DPA1 (3113),0.844
H2AC13 (8329),H3C10 (8357),0.889
ZFP28 (140612),ZNF470 (388566),0.873
MAGEA6 (4105),MAGEA12 (4111),0.807
MAGEA6 (4105),MAGEA3 (4102),0.932
MAGEA6 (4105),MAGEA2 (4101),0.849
MAGEA6 (4105),CSAG3 (389903),0.807
ZNF790 (388536),ZNF345 (25850),0.833
HLA-DRB5 (3127),HLA-DRA (3122),0.905
HLA-DRB5 (3127),HLA-DPB1 (3115),0.814
HLA-DRB5 (3127),HLA-DPA1 (3113),0.87
ZNF28 (7576),ZNF468 (90333),0.804
SLC34A3 (142680),RNF224 (643596),0.875
MT-ND6 (4541),MT-ND5 (4540),0.928
MT-CO2 (4513),MT-CYB (4519),0.829
MT-CO2 (4513),MT-CO1 (4512),0.83
MT-CO2 (4513),MT-ND4 (4538),0.841
MT-CO2 (4513),MT-ATP6 (4508),0.856
MT-CO2 (4513),MT-CO3 (4514),0.838
MT-CO2 (4513),MT-ND4L (4539),0.809
MT-CYB (4519),MT-ND4 (4538),0.81
MT-CYB (4519),MT-ATP6 (4508),0.863
MT-CYB (4519),MT-CO3 (4514),0.823
RPL10A (4736),RPS18 (6222),0.843
MT-ND2 (4536),MT-ND3 (4537),0.839
MT-ND2 (4536),MT-ND4 (4538),0.841
MT-ND2 (4536),MT-ND1 (4535),0.836
MT-ND2 (4536),MT-ATP6 (4508),0.815
MT-CO1 (4512),MT-ND4 (4538),0.84
MT-CO1 (4512),MT-ATP6 (4508),0.828
MT-CO1 (4512),MT-CO3 (4514),0.842
MT-ND4 (4538),MT-ATP6 (4508),0.873
MT-ND4 (4538),MT-ND4L (4539),0.904
MT-ATP6 (4508),MT-CO3 (4514),0.881
MT-ATP6 (4508),MT-ATP8 (4509),0.83
RPL39 (6170),RPL36A (6173),0.821
NOS1AP (9722),C1orf226 (400793),0.954
CSAG1 (158511),MAGEA12 (4111),0.988
CSAG1 (158511),MAGEA3 (4102),0.804
CSAG1 (158511),MAGEA2 (4101),0.819
IQANK1 (642574),ARHGAP8 (23779),0.856
IQANK1 (642574),PRR5-ARHGAP8 (553158),0.815
IQANK1 (642574),C1orf210 (149466),0.848
IQANK1 (642574),LIX1L (128077),-0.816
SYT15 (83849),FO681492.1 (102724488),0.896
HLA-DOA (3111),HLA-DPA1 (3113),0.806
HLA-DMA (3108),HLA-DRA (3122),0.829
HLA-DMA (3108),HLA-DPA1 (3113),0.807
HLA-DMA (3108),HLA-DMB (3109),0.807
PSMB8 (5696),PSMB9 (5698),0.83
HLA-DRA (3122),HLA-DPB1 (3115),0.846
HLA-DRA (3122),HLA-DPA1 (3113),0.912
MSH5 (4439),SAPCD1 (401251),0.913
HLA-C (3107),HLA-B (3106),0.838
SPDYE2 (441273),SPDYE6 (729597),0.852
GOLGA8O (728047),GOLGA8N (643699),0.916
TMEM191C (645426),TMEM191B (728229),0.802
TAS2R19 (259294),TAS2R31 (259290),0.81
ARHGEF35 (445328),CTAGE4 (100128553),0.847
ARHGEF35 (445328),CTAGE8 (100142659),0.847
MAGEA12 (4111),MAGEA3 (4102),0.812
MAGEA12 (4111),MAGEA2 (4101),0.832
LTB4R (1241),LTB4R2 (56413),0.908
TTLL3 (26140),ARPC4-TTLL3 (100526693),0.875
ANG (283),RNASE4 (6038),0.92
MAGEA3 (4102),MAGEA2 (4101),0.871
MAGEA3 (4102),CSAG3 (389903),0.822
CKMT1A (548596),CKMT1B (1159),0.956
C4B (721),C4A (720),0.972
HLA-DPB1 (3115),HLA-DPA1 (3113),0.931
CTAGE4 (100128553),OR2A7 (401427),0.837
RPL36A (6173),RPL36A-HNRNPH2 (100529097),0.852
ARHGAP8 (23779),PRR5-ARHGAP8 (553158),0.912
ARHGAP8 (23779),C1orf210 (149466),0.803
TMEFF1 (8577),MSANTD3-TMEFF1 (100526694),0.831
GNG10 (2790),DNAJC25-GNG10 (552891),0.927
ARPIN (348110),ARPIN-AP3S2 (100526783),0.862
GOLGA8K (653125),GOLGA8H (728498),0.846
CDK3 (1018),TEN1-CDK3 (100529145),0.884
PCDHGA5 (56110),PCDHGA6 (56109),0.841
PCDHGA5 (56110),PCDHGB3 (56102),0.864
PCDHGA6 (56109),PCDHGB3 (56102),0.907
NBPF11 (200030),NBPF12 (149013),0.839
NOTCH2NLA (388677),NBPF14 (25832),0.84
ANXA8L1 (728113),ANXA8 (653145),0.975
MAGEA2 (4101),CSAG3 (389903),0.936
H4C15 (554313),H4C14 (8370),0.865
FP565260.1 (102724159),GATD3B (102724023),0.808
H2BC8 (8339),H2AC8 (3012),0.856
RIMBP3B (440804),RIMBP3 (85376),0.866
